<?xml version="1.0" encoding="UTF-8"?>
<configuration >

    <include resource="org/springframework/boot/logging/logback/defaults.xml"/>
    ​
    <springProperty scope="context" name="springAppName" source="spring.application.name"/>
    <!-- Example for logging into the build folder of your project -->
    <property name="LOG_DIR" value="${BUILD_FOLDER:-logs}/${springAppName}/%d{yyyyMM}"/>​

    <appender name="CONSOLE" class="ch.qos.logback.core.ConsoleAppender">
        <encoder>
            <charset>UTF-8</charset>
            <pattern>${CONSOLE_LOG_PATTERN}</pattern>
        </encoder>
        <filter class="ch.qos.logback.classic.filter.ThresholdFilter">
            <level>ALL</level>
        </filter>
    </appender>
    <appender name="DEV" class="ch.qos.logback.core.rolling.RollingFileAppender">
        <!-- daily and size rollover -->
        <rollingPolicy class="ch.qos.logback.core.rolling.TimeBasedRollingPolicy">
            <!-- daily rollover -->
            <fileNamePattern>${LOG_DIR}/dev.%d{yyyyMMdd}.log</fileNamePattern>
            <!-- keep 30 days' worth of history capped at 3GB total size -->
            <maxHistory>90</maxHistory>
            <totalSizeCap>3GB</totalSizeCap>
        </rollingPolicy>
        <encoder>
            <charset>UTF-8</charset>
            <pattern>${FILE_LOG_PATTERN}</pattern>
        </encoder>
        <filter class="ch.qos.logback.classic.filter.ThresholdFilter">
            <level>ALL</level>
        </filter>
    </appender>


    <appender name="QA" class="ch.qos.logback.core.rolling.RollingFileAppender">
        <!-- daily and size rollover -->
        <rollingPolicy class="ch.qos.logback.core.rolling.TimeBasedRollingPolicy">
            <!-- daily rollover -->
            <fileNamePattern>${LOG_DIR}/qa.%d{yyyyMMdd}.log</fileNamePattern>
            <!-- keep 180 days' worth of history capped at 3GB total size -->
            <maxHistory>180</maxHistory>
            <totalSizeCap>6GB</totalSizeCap>
        </rollingPolicy>
        <encoder>
            <charset>UTF-8</charset>
            <pattern>${FILE_LOG_PATTERN}</pattern>
        </encoder>
        <filter class="ch.qos.logback.classic.filter.ThresholdFilter">
            <level>INFO</level>
        </filter>
    </appender>

    <appender name="OPS" class="ch.qos.logback.core.rolling.RollingFileAppender">
        <!-- daily and size rollover -->
        <rollingPolicy class="ch.qos.logback.core.rolling.TimeBasedRollingPolicy">
            <!-- daily rollover -->
            <fileNamePattern>${LOG_DIR}/ops.%d{yyyyMMdd}.log</fileNamePattern>
            <!-- keep 180 days' worth of history capped at 3GB total size -->
            <maxHistory>180</maxHistory>
            <totalSizeCap>6GB</totalSizeCap>
        </rollingPolicy>
        <encoder>
            <charset>UTF-8</charset>
            <pattern>${FILE_LOG_PATTERN}</pattern>
        </encoder>
        <filter class="ch.qos.logback.classic.filter.ThresholdFilter">
            <level>ERROR</level>
        </filter>
    </appender>

    <root level="INFO">
        <appender-ref ref="CONSOLE"/>
        <appender-ref ref="DEV"/>
        <appender-ref ref="QA"/>
        <appender-ref ref="OPS"/>
    </root>
</configuration>